Episode,Status
1,Success
2,Success
3,Success
4,Success
5,Success
6,Success
7,Success
8,Success
9,Success
10,Success
11,Success
12,Success
13,Success
14,Success
15,Success
16,Success
17,Success
18,Success
19,Success
20,Success
21,Success
22,Success
23,Success
24,Success
25,Success
26,Success
27,Success
28,Success
29,Success
30,Success
31,Success
32,Success
33,Success
34,Success
35,Success
36,Success
37,Success
38,Success
39,Success
40,Success
41,Success
42,Success
43,Success
44,Success
45,Success
46,Success
47,Success
48,Success
49,Success
50,Success
51,Success
52,Success
53,Success
54,Success
55,Success
56,Success
57,Success
58,Success
59,Success
60,Success
61,Success
62,Success
63,Success
64,Success
65,Success
66,Success
67,Success
68,Success
69,Success
70,Success
71,Success
72,Success
73,Success
74,Success
75,Success
76,Success
77,Success
78,Success
79,Success
80,Success
81,Success
82,Success
83,Success
84,Success
85,Success
86,Success
87,Success
88,Success
89,Success
90,Success
91,Success
92,Success
93,Success
94,Success
95,Success
96,Success
97,Success
98,Success
99,Success
100,Success
101,Success
102,Success
103,Success
104,Success
105,Success
106,Success
107,Success
108,Success
109,Success
110,Success
111,Success
112,Success
113,Success
114,Success
115,Success
116,Success
117,Success
118,Success
119,Success
120,Success
121,Success
122,Success
123,Success
124,Success
125,Success
126,Success
127,Success
128,Success
129,Success
130,Success
131,Success
132,Success
133,Success
134,Success
135,Success
136,Success
137,Success
138,Success
139,Success
140,Success
141,Success
142,Success
143,Success
144,Success
145,Success
146,Success
147,Success
148,Success
149,Success
150,Success
151,Success
152,Success
153,Success
154,Success
155,Success
156,Success
157,Success
158,Success
159,Success
160,Success
161,Success
162,Success
163,Success
164,Success
165,Success
166,Success
167,Success
168,Success
169,Success
170,Success
171,Success
172,Success
173,Success
174,Success
175,Success
176,Success
177,Success
178,Success
179,Success
180,Success
181,Success
182,Success
183,Success
184,Success
185,Success
186,Success
187,Success
188,Success
189,Success
190,Success
191,Success
192,Success
193,Success
194,Success
195,Success
196,Success
197,Success
198,Success
199,Success
200,Success
201,Success
202,Success
203,Success
204,Success
205,Success
206,Success
207,Success
208,Success
209,Success
210,Success
211,Success
212,Success
213,Success
214,Success
215,Success
216,Success
217,Success
218,Success
219,Success
220,Success
221,Success
222,Success
223,Success
224,Success
225,Success
226,Success
227,Success
228,Success
229,Success
230,Success
231,Success
232,Success
233,Success
234,Success
235,Success
236,Success
237,Success
238,Success
239,Success
240,Success
241,Success
242,Success
243,Success
244,Success
245,Success
246,Success
247,Success
248,Success
249,Success
250,Success
251,Success
252,Success
253,Success
254,Success
255,Success
256,Success
257,Success
258,Success
259,Success
260,Success
261,Success
262,Success
263,Success
264,Success
265,Success
266,Success
267,Success
268,Success
269,Success
270,Success
271,Success
272,Success
273,Success
274,Success
275,Success
276,Success
277,Success
278,Success
279,Success
280,Success
281,Success
282,Success
283,Success
284,Success
285,Success
286,Success
287,Success
288,Success
289,Success
290,Success
291,Success
292,Success
293,Success
294,Success
295,Success
296,Success
297,Success
298,Success
299,Success
300,Success
301,Success
302,Success
303,Success
304,Success
305,Success
306,Success
307,Success
308,Success
309,Success
310,Success
311,Success
312,Success
313,Success
314,Success
315,Success
316,Success
317,Success
318,Success
319,Success
320,Success
321,Success
322,Success
323,Success
324,Success
325,Success
326,Success
327,Success
328,Success
329,Success
330,Success
331,Success
332,Success
333,Success
334,Success
335,Success
336,Success
337,Success
338,Success
339,Success
340,Success
341,Success
342,Success
343,Success
344,Success
345,Success
346,Success
347,Success
348,Success
349,Success
350,Success
351,Success
352,Success
353,Success
354,Success
355,Success
356,Success
357,Success
358,Success
359,Success
360,Success
361,Success
362,Success
363,Success
364,Success
365,Success
366,Success
367,Success
368,Success
369,Success
370,Success
371,Success
372,Success
373,Success
374,Success
375,Success
376,Success
377,Success
378,Success
379,Success
380,Success
381,Success
382,Success
383,Success
384,Success
385,Success
386,Success
387,Success
388,Success
389,Success
390,Success
391,Success
392,Success
393,Success
394,Success
395,Success
396,Success
397,Success
398,Success
399,Success
400,Success
401,Success
402,Success
403,Success
404,Success
405,Success
406,Success
407,Success
408,Success
409,Success
410,Success
411,Success
412,Success
413,Success
414,Success
415,Success
416,Success
417,Success
418,Success
419,Success
420,Success
421,Success
422,Success
423,Success
424,Success
425,Success
426,Success
427,Success
428,Success
429,Success
430,Success
431,Success
432,Success
433,Success
434,Success
435,Success
436,Success
437,Success
438,Success
439,Success
440,Success
441,Success
442,Success
443,Success
444,Success
445,Success
446,Success
447,Success
448,Success
449,Success
450,Success
451,Success
452,Success
453,Success
454,Success
455,Success
456,Success
457,Success
458,Success
459,Success
460,Success
461,Success
462,Success
463,Success
464,Success
465,Success
466,Success
467,Success
468,Success
469,Success
470,Success
471,Success
472,Success
473,Success
474,Success
475,Success
476,Success
477,Success
478,Success
479,Success
480,Success
481,Success
482,Success
483,Success
484,Success
485,Success
486,Success
487,Success
488,Success
489,Success
490,Success
491,Success
492,Success
493,Success
494,Success
495,Success
496,Success
497,Success
498,Success
499,Success
500,Success
501,Success
502,Success
503,Success
504,Success
505,Success
506,Success
507,Success
508,Success
509,Success
510,Success
511,Success
512,Success
513,Success
514,Success
515,Success
516,Success
517,Success
518,Success
519,Success
520,Success
521,Success
522,Success
523,Success
524,Success
525,Success
526,Success
527,Success
528,Success
529,Success
530,Success
531,Success
532,Success
533,Success
534,Success
535,Success
536,Success
537,Success
538,Success
539,Success
540,Success
541,Success
542,Success
543,Success
544,Success
545,Success
546,Success
547,Success
548,Success
549,Success
550,Success
551,Success
552,Success
553,Success
554,Success
555,Success
556,Success
557,Success
558,Success
559,Success
560,Success
561,Success
562,Success
563,Success
564,Success
565,Success
566,Success
567,Success
568,Success
569,Success
570,Success
571,Success
572,Success
573,Success
574,Success
575,Success
576,Success
577,Success
578,Success
579,Success
580,Success
581,Success
582,Success
583,Success
584,Success
585,Success
586,Success
587,Success
588,Success
589,Success
590,Success
591,Success
592,Success
593,Success
594,Success
595,Success
596,Success
597,Success
598,Success
599,Success
600,Success
601,Success
602,Success
603,Success
604,Success
605,Success
606,Success
607,Success
608,Success
609,Success
610,Success
611,Success
612,Success
613,Success
614,Success
615,Success
616,Success
617,Success
618,Success
619,Success
620,Success
621,Success
622,Success
623,Success
624,Success
625,Success
626,Success
627,Success
628,Success
629,Success
630,Success
631,Success
632,Success
633,Success
634,Success
635,Success
636,Success
637,Success
638,Success
639,Success
640,Success
641,Success
642,Success
643,Success
644,Success
645,Success
646,Success
647,Success
648,Success
649,Success
650,Success
651,Success
652,Success
653,Success
654,Success
655,Success
656,Success
657,Success
658,Success
659,Success
660,Success
661,Success
662,Success
663,Success
664,Success
665,Success
666,Success
667,Success
668,Success
669,Success
670,Success
671,Success
672,Success
673,Success
674,Success
675,Success
676,Success
677,Success
678,Success
679,Success
680,Success
681,Success
682,Success
683,Success
684,Success
685,Success
686,Success
687,Success
688,Success
689,Success
690,Success
691,Success
692,Success
693,Success
694,Success
695,Success
696,Success
697,Success
698,Success
699,Success
700,Success
701,Success
702,Success
703,Success
704,Success
705,Success
706,Success
707,Success
708,Success
709,Success
710,Success
711,Success
712,Success
713,Success
714,Success
715,Success
716,Success
717,Success
718,Success
719,Success
720,Success
721,Success
722,Success
723,Success
724,Success
725,Success
726,Success
727,Success
728,Success
729,Success
730,Success
731,Success
732,Success
733,Success
734,Success
735,Success
736,Success
737,Success
738,Success
739,Success
740,Success
741,Success
742,Success
743,Success
744,Success
745,Success
746,Success
747,Success
748,Success
749,Success
750,Success
751,Success
752,Success
753,Success
754,Success
755,Success
756,Success
757,Success
758,Success
759,Success
760,Success
761,Success
762,Success
763,Success
764,Success
765,Success
766,Success
767,Success
768,Success
769,Success
770,Success
771,Success
772,Success
773,Success
774,Success
775,Success
776,Success
777,Success
778,Success
779,Success
780,Success
781,Success
782,Success
783,Success
784,Success
785,Success
786,Success
787,Success
788,Success
789,Success
790,Success
791,Success
792,Success
793,Success
794,Success
795,Success
796,Success
797,Success
798,Success
799,Success
800,Success
801,Success
802,Success
803,Success
804,Success
805,Success
806,Success
807,Success
808,Success
809,Success
810,Success
811,Success
812,Success
813,Success
814,Success
815,Success
816,Success
817,Success
818,Success
819,Success
820,Success
821,Success
822,Success
823,Success
824,Success
825,Success
826,Success
827,Success
828,Success
829,Success
830,Success
831,Success
832,Success
833,Success
834,Success
835,Success
836,Success
837,Success
838,Success
839,Success
840,Success
841,Success
842,Success
843,Success
844,Success
845,Success
846,Success
847,Success
848,Success
849,Success
850,Success
851,Success
852,Success
853,Success
854,Success
855,Success
856,Success
857,Success
858,Success
859,Success
860,Success
861,Success
862,Success
863,Success
864,Success
865,Success
866,Success
867,Success
868,Success
869,Success
870,Success
871,Success
872,Success
873,Success
874,Success
875,Success
876,Success
877,Success
878,Success
879,Success
880,Success
881,Success
882,Success
883,Success
884,Success
885,Success
886,Success
887,Success
888,Success
889,Success
890,Success
891,Success
892,Success
893,Success
894,Success
895,Success
896,Success
897,Success
898,Success
899,Success
900,Success
901,Success
902,Success
903,Success
904,Success
905,Success
906,Success
907,Success
908,Success
909,Success
910,Success
911,Success
912,Success
913,Success
914,Success
915,Success
916,Success
917,Success
918,Success
919,Success
920,Success
921,Success
922,Success
923,Success
924,Success
925,Success
926,Success
927,Success
928,Success
929,Success
930,Success
931,Success
932,Success
933,Success
934,Success
935,Success
936,Success
937,Success
938,Success
939,Success
940,Success
941,Success
942,Success
943,Success
944,Success
945,Success
946,Success
947,Success
948,Success
949,Success
950,Success
951,Success
952,Success
953,Success
954,Success
955,Success
956,Success
957,Success
958,Success
959,Success
960,Success
961,Success
962,Success
963,Success
964,Success
965,Success
966,Success
967,Success
968,Success
969,Success
970,Success
971,Success
972,Success
973,Success
974,Success
975,Success
976,Success
977,Success
978,Success
979,Success
980,Success
981,Success
982,Success
983,Success
984,Success
985,Success
986,Success
987,Success
988,Success
989,Success
990,Success
991,Success
992,Success
993,Success
994,Success
995,Success
996,Success
997,Success
998,Success
999,Success
1000,Success
1001,Success
1002,Success
1003,Success
1004,Success
1005,Success
1006,Success
1007,Success
1008,Success
1009,Success
1010,Success
1011,Success
1012,Success
1013,Success
1014,Success
1015,Success
1016,Success
1017,Success
1018,Success
1019,Success
1020,Success
1021,Success
1022,Success
1023,Success
1024,Success
1025,Success
1026,Success
1027,Success
1028,Success
1029,Success
1030,Success
1031,Success
1032,Success
1033,Success
1034,Success
1035,Success
1036,Success
1037,Success
1038,Success
1039,Success
1040,Success
1041,Success
1042,Success
1043,Success
1044,Success
1045,Success
1046,Success
1047,Success
1048,Success
1049,Success
1050,Success
1051,Success
1052,Success
1053,Success
1054,Success
1055,Success
1056,Success
1057,Success
1058,Success
1059,Success
1060,Success
1061,Success
1062,Success
1063,Success
1064,Success
1065,Success
1066,Success
1067,Success
1068,Success
1069,Success
1070,Success
1071,Success
1072,Success
1073,Success
1074,Success
1075,Success
1076,Success
1077,Success
1078,Success
1079,Success
1080,Success
1081,Success
1082,Success
1083,Success
1084,Success
1085,Success
1086,Success
1087,Success
1088,Success
1089,Success
1090,Success
1091,Success
1092,Success
1093,Success
1094,Success
1095,Success
1096,Success
1097,Success
1098,Success
1099,Success
1100,Success
1101,Success
1102,Success
1103,Success
1104,Success
1105,Success
1106,Success
1107,Success
1108,Success
1109,Success
1110,Success
